{
  "file_path": "D:/大学/软件杯/点云数据/data/A部分.las",
  "total_power_lines": 24,
  "fit_method": "catenary",
  "power_lines": [
    {
      "id": 0,
      "endpoint1": {
        "x": -460.7345560049289,
        "y": 197.7898206729442,
        "z": 54.75
      },
      "endpoint2": {
        "x": -92.11455600493355,
        "y": 31.88982067303732,
        "z": 55.08
      },
      "point_count": 3872,
      "fits": {
        "catenary": {
          "method": "catenary",
          "equation": "z = a * cosh((x - h) / a) + v",
          "parameters": {
            "a": 1872.4425472031871,
            "h": -2.8151007403284987,
            "v": -1828.6842160763797
          },
          "fit_quality": {
            "rmse": 0.2252381799077972,
            "r_squared": 0.9951916379292376
          },
          "success": true
        }
      }
    },
    {
      "id": 1,
      "endpoint1": {
        "x": -92.18455600494053,
        "y": 31.659820673055947,
        "z": 55.300000000000004
      },
      "endpoint2": {
        "x": 266.63544399506645,
        "y": -130.01017932686955,
        "z": 54.870000000000005
      },
      "point_count": 3189,
      "fits": {
        "catenary": {
          "method": "catenary",
          "equation": "z = a * cosh((x - h) / a) + v",
          "parameters": {
            "a": 1858.668455749059,
            "h": 5.154820639584075,
            "v": -1814.0955437651432
          },
          "fit_quality": {
            "rmse": 0.23428374195779617,
            "r_squared": 0.9942485929252834
          },
          "success": true
        }
      }
    },
    {
      "id": 2,
      "endpoint1": {
        "x": 268.0054439950618,
        "y": -130.61017932696268,
        "z": 55.21
      },
      "endpoint2": {
        "x": 467.1654439950944,
        "y": -220.1301793269813,
        "z": 43.0
      },
      "point_count": 2169,
      "fits": {
        "catenary": {
          "method": "catenary",
          "equation": "z = a * cosh((x - h) / a) + v",
          "parameters": {
            "a": 1868.373613399885,
            "h": -95.84131533594817,
            "v": -1825.1746336995252
          },
          "fit_quality": {
            "rmse": 0.22730350097562732,
            "r_squared": 0.9956216616483505
          },
          "success": true
        }
      }
    },
    {
      "id": 3,
      "endpoint1": {
        "x": -460.9845560049289,
        "y": 218.2798206731677,
        "z": 55.35
      },
      "endpoint2": {
        "x": -83.11455600493355,
        "y": 48.62982067279518,
        "z": 54.72
      },
      "point_count": 3203,
      "fits": {
        "catenary": {
          "method": "catenary",
          "equation": "z = a * cosh((x - h) / a) + v",
          "parameters": {
            "a": 1833.2953292282707,
            "h": -13.955615294643847,
            "v": -1789.595813019925
          },
          "fit_quality": {
            "rmse": 0.20516238517092303,
            "r_squared": 0.9967289450490427
          },
          "success": true
        }
      }
    },
    {
      "id": 4,
      "endpoint1": {
        "x": -82.75455600488931,
        "y": 48.50982067314908,
        "z": 55.11
      },
      "endpoint2": {
        "x": 275.2454439951107,
        "y": -112.5501793269068,
        "z": 55.36
      },
      "point_count": 2736,
      "fits": {
        "catenary": {
          "method": "catenary",
          "equation": "z = a * cosh((x - h) / a) + v",
          "parameters": {
            "a": 1809.2768680099352,
            "h": 1.884157902389034,
            "v": -1764.759634312306
          },
          "fit_quality": {
            "rmse": 0.19185180146906508,
            "r_squared": 0.996282902152066
          },
          "success": true
        }
      }
    },
    {
      "id": 5,
      "endpoint1": {
        "x": 275.13544399506645,
        "y": -112.95017932681367,
        "z": 55.38
      },
      "endpoint2": {
        "x": 474.87544399511535,
        "y": -202.84017932694405,
        "z": 43.39
      },
      "point_count": 1500,
      "fits": {
        "catenary": {
          "method": "catenary",
          "equation": "z = a * cosh((x - h) / a) + v",
          "parameters": {
            "a": 1847.4026726505224,
            "h": -102.87168974980615,
            "v": -1804.2439728604918
          },
          "fit_quality": {
            "rmse": 0.1630350458791208,
            "r_squared": 0.9980844825473415
          },
          "success": true
        }
      }
    },
    {
      "id": 6,
      "endpoint1": {
        "x": 274.31544399505947,
        "y": -115.46017932705581,
        "z": 66.62
      },
      "endpoint2": {
        "x": 473.8554439950967,
        "y": -205.16017932724208,
        "z": 53.59
      },
      "point_count": 1755,
      "fits": {
        "catenary": {
          "method": "catenary",
          "equation": "z = a * cosh((x - h) / a) + v",
          "parameters": {
            "a": 1827.1400988331682,
            "h": -105.40856021929528,
            "v": -1773.5387074971777
          },
          "fit_quality": {
            "rmse": 0.18628386022964954,
            "r_squared": 0.9979147958704775
          },
          "success": true
        }
      }
    },
    {
      "id": 7,
      "endpoint1": {
        "x": -84.52455600490794,
        "y": 46.0698206727393,
        "z": 66.73
      },
      "endpoint2": {
        "x": 274.39544399507577,
        "y": -115.25017932709306,
        "z": 66.87
      },
      "point_count": 2653,
      "fits": {
        "catenary": {
          "method": "catenary",
          "equation": "z = a * cosh((x - h) / a) + v",
          "parameters": {
            "a": 1765.0175544742435,
            "h": 9.550527974423986,
            "v": -1709.6023746376095
          },
          "fit_quality": {
            "rmse": 0.15648665183988905,
            "r_squared": 0.9979034456797115
          },
          "success": true
        }
      }
    },
    {
      "id": 8,
      "endpoint1": {
        "x": -460.6545560049126,
        "y": 215.74982067290694,
        "z": 66.78
      },
      "endpoint2": {
        "x": -84.58455600490561,
        "y": 45.939820672851056,
        "z": 66.46000000000001
      },
      "point_count": 2801,
      "fits": {
        "catenary": {
          "method": "catenary",
          "equation": "z = a * cosh((x - h) / a) + v",
          "parameters": {
            "a": 1740.5669704569127,
            "h": -1.1659333104609488,
            "v": -1686.2060878177065
          },
          "fit_quality": {
            "rmse": 0.1335492886052053,
            "r_squared": 0.9987970228985718
          },
          "success": true
        }
      }
    },
    {
      "id": 9,
      "endpoint1": {
        "x": -461.0145560048986,
        "y": 217.1998206730932,
        "z": 45.57
      },
      "endpoint2": {
        "x": -84.23455600492889,
        "y": 47.01982067292556,
        "z": 45.12
      },
      "point_count": 2579,
      "fits": {
        "catenary": {
          "method": "catenary",
          "equation": "z = a * cosh((x - h) / a) + v",
          "parameters": {
            "a": 1793.7975692329208,
            "h": -13.435850022473884,
            "v": -1760.4444147674872
          },
          "fit_quality": {
            "rmse": 0.1678064451323902,
            "r_squared": 0.9979303665507314
          },
          "success": true
        }
      }
    },
    {
      "id": 10,
      "endpoint1": {
        "x": -83.9145560049219,
        "y": 47.42982067307457,
        "z": 45.13
      },
      "endpoint2": {
        "x": 274.4154439950944,
        "y": -114.28017932688817,
        "z": 45.300000000000004
      },
      "point_count": 2450,
      "fits": {
        "catenary": {
          "method": "catenary",
          "equation": "z = a * cosh((x - h) / a) + v",
          "parameters": {
            "a": 1797.1262723641373,
            "h": 3.943783389520294,
            "v": -1762.8601009010251
          },